{
    "kango_version": "1.3.1 ba4b80d08b67", 
    "description": "MS Thesis Project, a Browser-based Manual Encryption", 
    "default_locale": "en", 
    "creator": "Yuanzheng (Lucas) Song", 
    "name": "BME", 
    "kango_package_id": "dev", 
    "background_scripts": [
        "main.js"
    ], 
    "homepage_url": "http://students.cs.byu.edu/~yuanzheng/homepage/", 
    "version": "1.2.0", 
    "id": "bgihpbfaglfghihgjnepdgikijnomfee", 
    "browser_button": {
        "caption": "BME", 
        "tooltipText": "Browser Extension", 
        "popup": {
            "url": "popup.html", 
            "width": 800, 
            "height": 620
        }, 
        "icon": "icons/button.png"
    }
}